<?xml version="1.0" encoding="UTF-8"?>
<project-private xmlns="http://www.netbeans.org/ns/project-private/1">
    <editor-bookmarks xmlns="http://www.netbeans.org/ns/editor-bookmarks/2" lastBookmarkId="0"/>
    <open-files xmlns="http://www.netbeans.org/ns/projectui-open-files/2">
        <group>
            <file>file:/C:/Users/amirah%20izzah/Documents/NetBeansProject/personalprofile/my-profile-app/src/java/com/csc584/bean/ProfileBean.java</file>
            <file>file:/C:/Users/amirah%20izzah/Documents/NetBeansProject/personalprofile/my-profile-app/web/WEB-INF/web.xml</file>
            <file>file:/C:/Users/amirah%20izzah/Documents/NetBeansProject/personalprofile/my-profile-app/web/css/style.css</file>
            <file>file:/C:/Users/amirah%20izzah/Documents/NetBeansProject/personalprofile/my-profile-app/src/java/com/csc584/dao/ProfileDAO.java</file>
            <file>file:/C:/Users/amirah%20izzah/Documents/NetBeansProject/personalprofile/my-profile-app/web/css/viewAllProfiles.css</file>
            <file>file:/C:/Users/amirah%20izzah/Documents/NetBeansProject/personalprofile/my-profile-app/web/profileForm.html</file>
            <file>file:/C:/Users/amirah%20izzah/Documents/NetBeansProject/personalprofile/my-profile-app/src/java/com/csc584/ProfileServlet.java</file>
            <file>file:/C:/Users/amirah%20izzah/Documents/NetBeansProject/personalprofile/my-profile-app/web/displayProfile.jsp</file>
            <file>file:/C:/Users/amirah%20izzah/Documents/NetBeansProject/personalprofile/my-profile-app/web/viewAllProfiles.jsp</file>
            <file>file:/C:/Users/amirah%20izzah/Documents/NetBeansProject/personalprofile/my-profile-app/src/java/com/csc584/dao/DBConnection.java</file>
        </group>
    </open-files>
</project-private>
